{
  "wheat1_features": {
    "RMSE": 420.0377587193799,
    "MAE": 280.6330871582031,
    "R2": 0.9422945976257324,
    "MAPE": 11.717597961425781
  },
  "wheat2_features": {
    "RMSE": 2158.460910000457,
    "MAE": 1850.2877197265625,
    "R2": -2.975407838821411,
    "MAPE": 59.82111740112305
  },
  "wheat3_features": {
    "RMSE": 2567.77598321972,
    "MAE": 1939.8370361328125,
    "R2": -1.7220158576965332,
    "MAPE": 58.87627029418945
  },
  "wheat4_features": {
    "RMSE": 1294.111761016026,
    "MAE": 943.7131958007812,
    "R2": -0.23701822757720947,
    "MAPE": 467245727744.0
  },
  "wheat5_features": {
    "RMSE": 1722.9038713753012,
    "MAE": 1283.80859375,
    "R2": -12.24289608001709,
    "MAPE": 34.19297409057617
  },
  "wheat6_features": {
    "RMSE": 720.8006182364163,
    "MAE": 561.4131469726562,
    "R2": 0.5124409198760986,
    "MAPE": 40.20176696777344
  }
}