{
  "RMSE": 1018.886555265109,
  "MAE": 622.1239013671875,
  "R2": 0.5237003564834595,
  "MAPE": 21597603840.0
}