{
  "wheat12_features": {
    "RMSE": 402.61553077967574,
    "MAE": 260.8659973144531,
    "R2": 0.9469823241233826,
    "MAPE": 11.157146453857422
  },
  "wheat22_features": {
    "RMSE": 2872.5741939939517,
    "MAE": 2216.947021484375,
    "R2": -6.0410237312316895,
    "MAPE": 74.34024047851562
  },
  "wheat32_features": {
    "RMSE": 8243.746721000107,
    "MAE": 6884.05908203125,
    "R2": -3.4889588356018066,
    "MAPE": 64.84501647949219
  },
  "wheat42_features": {
    "RMSE": 20399.96156859125,
    "MAE": 17533.537109375,
    "R2": -2.0739104747772217,
    "MAPE": 471238344704.0
  },
  "wheat52_features": {
    "RMSE": 643.2396034915761,
    "MAE": 497.17230224609375,
    "R2": 0.5282077789306641,
    "MAPE": 42.30751037597656
  },
  "wheat62_features": {
    "RMSE": 1793.7671950395347,
    "MAE": 1372.9488525390625,
    "R2": -13.354663848876953,
    "MAPE": 36.345245361328125
  }
}