{
  "RMSE": 5052.525309189456,
  "MAE": 1784.0736083984375,
  "R2": 0.03653603792190552,
  "MAPE": 21782157312.0
}