{
  "RMSE": 5117.537689162631,
  "MAE": 1866.427001953125,
  "R2": 0.011582255363464355,
  "MAPE": 20723953664.0
}