{
  "wheat12_features": {
    "RMSE": 555.2248981268762,
    "MAE": 366.61846923828125,
    "R2": 0.8991727828979492,
    "MAPE": 14.773151397705078
  },
  "wheat22_features": {
    "RMSE": 2429.334168038642,
    "MAE": 1943.1668701171875,
    "R2": -4.035792350769043,
    "MAPE": 63.94348907470703
  },
  "wheat32_features": {
    "RMSE": 8309.153506826071,
    "MAE": 6980.4853515625,
    "R2": -3.5604729652404785,
    "MAPE": 65.86347961425781
  },
  "wheat42_features": {
    "RMSE": 20660.431747666844,
    "MAE": 17756.462890625,
    "R2": -2.1529078483581543,
    "MAPE": 448345047040.0
  },
  "wheat52_features": {
    "RMSE": 706.0654626166047,
    "MAE": 558.6529541015625,
    "R2": 0.431546151638031,
    "MAPE": 43.04095458984375
  },
  "wheat62_features": {
    "RMSE": 1714.3182318344514,
    "MAE": 1177.786865234375,
    "R2": -12.111239433288574,
    "MAPE": 30.092435836791992
  }
}