{
  "RMSE": 5102.078204026277,
  "MAE": 1799.2764892578125,
  "R2": 0.017544984817504883,
  "MAPE": 21378453504.0
}