{
  "wheat12_features": {
    "RMSE": 401.1731234766357,
    "MAE": 263.85784912109375,
    "R2": 0.9473615288734436,
    "MAPE": 11.086241722106934
  },
  "wheat22_features": {
    "RMSE": 2725.9705611029626,
    "MAE": 2195.0244140625,
    "R2": -5.340676784515381,
    "MAPE": 72.36852264404297
  },
  "wheat32_features": {
    "RMSE": 8335.075284603014,
    "MAE": 6950.88232421875,
    "R2": -3.5889716148376465,
    "MAPE": 65.39256286621094
  },
  "wheat42_features": {
    "RMSE": 20599.325814210522,
    "MAE": 17694.015625,
    "R2": -2.1342849731445312,
    "MAPE": 462504558592.0
  },
  "wheat52_features": {
    "RMSE": 645.5896771556993,
    "MAE": 500.697265625,
    "R2": 0.5247540473937988,
    "MAPE": 41.5540657043457
  },
  "wheat62_features": {
    "RMSE": 1709.349876415007,
    "MAE": 1246.4940185546875,
    "R2": -12.03535270690918,
    "MAPE": 32.4350700378418
  }
}