{
  "wheat12_features": {
    "RMSE": 395.4605898506196,
    "MAE": 257.1251220703125,
    "R2": 0.9488499164581299,
    "MAPE": 10.779016494750977
  },
  "wheat22_features": {
    "RMSE": 2570.487794174483,
    "MAE": 2100.59619140625,
    "R2": -4.637990951538086,
    "MAPE": 68.82781219482422
  },
  "wheat32_features": {
    "RMSE": 6001.675099503471,
    "MAE": 4645.96435546875,
    "R2": -1.3792567253112793,
    "MAPE": 49.08329391479492
  },
  "wheat42_features": {
    "RMSE": 18668.548095660786,
    "MAE": 15936.3154296875,
    "R2": -1.5742671489715576,
    "MAPE": 747229806592.0
  },
  "wheat52_features": {
    "RMSE": 634.6162226101693,
    "MAE": 486.03961181640625,
    "R2": 0.5407727956771851,
    "MAPE": 36.72380828857422
  },
  "wheat62_features": {
    "RMSE": 1659.7261069224644,
    "MAE": 1229.715087890625,
    "R2": -11.289485931396484,
    "MAPE": 32.1705322265625
  }
}