{
  "RMSE": 5070.392686962224,
  "MAE": 1789.0906982421875,
  "R2": 0.029709815979003906,
  "MAPE": 21564751872.0
}