{
  "wheat12_features": {
    "RMSE": 396.21841356756755,
    "MAE": 257.757568359375,
    "R2": 0.9486536979675293,
    "MAPE": 11.030567169189453
  },
  "wheat22_features": {
    "RMSE": 2786.6713117983613,
    "MAE": 2247.843017578125,
    "R2": -5.626204013824463,
    "MAPE": 73.61637878417969
  },
  "wheat32_features": {
    "RMSE": 8301.57816321692,
    "MAE": 6951.517578125,
    "R2": -3.55216121673584,
    "MAPE": 65.47100830078125
  },
  "wheat42_features": {
    "RMSE": 20457.182601717177,
    "MAE": 17599.66796875,
    "R2": -2.0911788940429688,
    "MAPE": 466535022592.0
  },
  "wheat52_features": {
    "RMSE": 637.3440005209118,
    "MAE": 492.3521728515625,
    "R2": 0.5368164777755737,
    "MAPE": 40.85963821411133
  },
  "wheat62_features": {
    "RMSE": 1727.1324500454502,
    "MAE": 1262.0655517578125,
    "R2": -12.30798053741455,
    "MAPE": 32.78602600097656
  }
}