{
  "wheat1_features": {
    "RMSE": 446.6589512704296,
    "MAE": 282.6135559082031,
    "R2": 0.9347482919692993,
    "MAPE": 11.953215599060059
  },
  "wheat2_features": {
    "RMSE": 3757.1837857629484,
    "MAE": 3597.7734375,
    "R2": -11.04531478881836,
    "MAPE": 99.7918701171875
  },
  "wheat3_features": {
    "RMSE": 1318.1107218287848,
    "MAE": 1036.4105224609375,
    "R2": 0.2827341556549072,
    "MAPE": 35.467987060546875
  },
  "wheat4_features": {
    "RMSE": 1077.6720860261714,
    "MAE": 817.9633178710938,
    "R2": 0.14216101169586182,
    "MAPE": 195395092480.0
  },
  "wheat5_features": {
    "RMSE": 3673.835461748389,
    "MAE": 3643.221435546875,
    "R2": -59.21438980102539,
    "MAPE": 99.87594604492188
  },
  "wheat6_features": {
    "RMSE": 819.7202266627315,
    "MAE": 642.0343017578125,
    "R2": 0.3694372773170471,
    "MAPE": 42.06549072265625
  }
}