{
  "RMSE": 5080.930229790604,
  "MAE": 1783.697021484375,
  "R2": 0.025672554969787598,
  "MAPE": 21739415552.0
}