{
  "wheat12_features": {
    "RMSE": 398.58703566473406,
    "MAE": 261.342041015625,
    "R2": 0.9480379819869995,
    "MAPE": 10.984733581542969
  },
  "wheat22_features": {
    "RMSE": 2653.271282775284,
    "MAE": 2169.24853515625,
    "R2": -5.006986141204834,
    "MAPE": 71.17444610595703
  },
  "wheat32_features": {
    "RMSE": 8254.27355979919,
    "MAE": 6874.8017578125,
    "R2": -3.5004305839538574,
    "MAPE": 64.68852996826172
  },
  "wheat42_features": {
    "RMSE": 20551.51420212146,
    "MAE": 17645.955078125,
    "R2": -2.1197524070739746,
    "MAPE": 470313730048.0
  },
  "wheat52_features": {
    "RMSE": 639.845977560225,
    "MAE": 489.3802185058594,
    "R2": 0.5331728458404541,
    "MAPE": 41.5339469909668
  },
  "wheat62_features": {
    "RMSE": 1728.182137391774,
    "MAE": 1294.807373046875,
    "R2": -12.324161529541016,
    "MAPE": 33.9936408996582
  }
}