{
  "wheat1_features": {
    "RMSE": 412.60254407237966,
    "MAE": 260.4814453125,
    "R2": 0.9443194270133972,
    "MAPE": 10.855628967285156
  },
  "wheat2_features": {
    "RMSE": 2239.709132900967,
    "MAE": 1783.411865234375,
    "R2": -3.280323028564453,
    "MAPE": 58.595977783203125
  },
  "wheat3_features": {
    "RMSE": 1382.5321876903988,
    "MAE": 1085.930908203125,
    "R2": 0.21090936660766602,
    "MAPE": 36.926727294921875
  },
  "wheat4_features": {
    "RMSE": 902.6553536649523,
    "MAE": 679.2999877929688,
    "R2": 0.39816635847091675,
    "MAPE": 310849241088.0
  },
  "wheat5_features": {
    "RMSE": 1604.767506525478,
    "MAE": 1132.8638916015625,
    "R2": -10.489076614379883,
    "MAPE": 29.2841739654541
  },
  "wheat6_features": {
    "RMSE": 774.8993886305499,
    "MAE": 600.3679809570312,
    "R2": 0.4365082383155823,
    "MAPE": 40.1316032409668
  }
}