{
  "RMSE": 1083.1083740789745,
  "MAE": 678.2611083984375,
  "R2": 0.461764395236969,
  "MAPE": 19476031488.0
}