{
  "RMSE": 977.6106395186174,
  "MAE": 632.9358520507812,
  "R2": 0.5615092515945435,
  "MAPE": 16495525888.0
}