{
  "wheat1_features": {
    "RMSE": 521.5976059185855,
    "MAE": 344.9561767578125,
    "R2": 0.9110162258148193,
    "MAPE": 14.170034408569336
  },
  "wheat2_features": {
    "RMSE": 2463.4568191872168,
    "MAE": 1958.767333984375,
    "R2": -4.178252220153809,
    "MAPE": 64.61542510986328
  },
  "wheat3_features": {
    "RMSE": 2661.5286021382526,
    "MAE": 2015.23388671875,
    "R2": -1.924412727355957,
    "MAPE": 57.10493850708008
  },
  "wheat4_features": {
    "RMSE": 1267.8109086137413,
    "MAE": 889.2610473632812,
    "R2": -0.1872481107711792,
    "MAPE": 421347328000.0
  },
  "wheat5_features": {
    "RMSE": 1686.8221601579698,
    "MAE": 1193.32373046875,
    "R2": -11.694028854370117,
    "MAPE": 30.891237258911133
  },
  "wheat6_features": {
    "RMSE": 788.2983651511653,
    "MAE": 619.774169921875,
    "R2": 0.41685277223587036,
    "MAPE": 41.24171829223633
  }
}