{
  "RMSE": 4834.483219538568,
  "MAE": 1716.35986328125,
  "R2": 0.11789846420288086,
  "MAPE": 26902188032.0
}