{
  "wheat12_features": {
    "RMSE": 412.71350535207836,
    "MAE": 269.2454833984375,
    "R2": 0.94428950548172,
    "MAPE": 11.199047088623047
  },
  "wheat22_features": {
    "RMSE": 2306.038486235648,
    "MAE": 1895.8670654296875,
    "R2": -3.537602424621582,
    "MAPE": 62.853477478027344
  },
  "wheat32_features": {
    "RMSE": 8245.995391703782,
    "MAE": 6870.892578125,
    "R2": -3.491408348083496,
    "MAPE": 64.69371032714844
  },
  "wheat42_features": {
    "RMSE": 20681.90706874006,
    "MAE": 17738.890625,
    "R2": -2.159465789794922,
    "MAPE": 464024633344.0
  },
  "wheat52_features": {
    "RMSE": 647.2315804640562,
    "MAE": 495.59674072265625,
    "R2": 0.5223336219787598,
    "MAPE": 41.47789001464844
  },
  "wheat62_features": {
    "RMSE": 1747.855042616521,
    "MAE": 1301.272705078125,
    "R2": -12.629240989685059,
    "MAPE": 34.38847732543945
  }
}