{
  "RMSE": 5103.722171121778,
  "MAE": 1791.382568359375,
  "R2": 0.016911745071411133,
  "MAPE": 21448714240.0
}