{
  "wheat12_features": {
    "RMSE": 446.6589512704296,
    "MAE": 282.6135559082031,
    "R2": 0.9347482919692993,
    "MAPE": 11.953215599060059
  },
  "wheat22_features": {
    "RMSE": 3757.1837857629484,
    "MAE": 3597.7734375,
    "R2": -11.04531478881836,
    "MAPE": 99.7918701171875
  },
  "wheat32_features": {
    "RMSE": 3926.5851576146924,
    "MAE": 2925.310302734375,
    "R2": -0.01841866970062256,
    "MAPE": 38.301025390625
  },
  "wheat42_features": {
    "RMSE": 21122.575600527507,
    "MAE": 17695.884765625,
    "R2": -2.295537233352661,
    "MAPE": 222752047104.0
  },
  "wheat52_features": {
    "RMSE": 737.4821608011953,
    "MAE": 577.7044677734375,
    "R2": 0.37983351945877075,
    "MAPE": 42.27457809448242
  },
  "wheat62_features": {
    "RMSE": 3674.996190474216,
    "MAE": 3644.37744140625,
    "R2": -59.25244140625,
    "MAPE": 99.90782928466797
  }
}