{
  "wheat12_features": {
    "RMSE": 420.2674743541308,
    "MAE": 276.4591369628906,
    "R2": 0.9422314763069153,
    "MAPE": 11.434175491333008
  },
  "wheat22_features": {
    "RMSE": 2297.587321517944,
    "MAE": 1917.034912109375,
    "R2": -3.504404067993164,
    "MAPE": 63.251007080078125
  },
  "wheat32_features": {
    "RMSE": 8162.267822119046,
    "MAE": 6799.12353515625,
    "R2": -3.4006619453430176,
    "MAPE": 64.09625244140625
  },
  "wheat42_features": {
    "RMSE": 20709.279852278785,
    "MAE": 17749.62890625,
    "R2": -2.167834520339966,
    "MAPE": 453901778944.0
  },
  "wheat52_features": {
    "RMSE": 653.7356833996444,
    "MAE": 501.7688903808594,
    "R2": 0.5126851797103882,
    "MAPE": 41.93411636352539
  },
  "wheat62_features": {
    "RMSE": 1734.770229742256,
    "MAE": 1278.435546875,
    "R2": -12.425943374633789,
    "MAPE": 33.777374267578125
  }
}