{
  "RMSE": 5097.6722138638925,
  "MAE": 1791.2506103515625,
  "R2": 0.0192410945892334,
  "MAPE": 20980803584.0
}