{
  "RMSE": 5106.119465895799,
  "MAE": 1794.078857421875,
  "R2": 0.01598799228668213,
  "MAPE": 21234991104.0
}