{
  "wheat12_features": {
    "RMSE": 421.1374107699291,
    "MAE": 274.54437255859375,
    "R2": 0.9419920444488525,
    "MAPE": 11.334151268005371
  },
  "wheat22_features": {
    "RMSE": 2205.50232373489,
    "MAE": 1825.4359130859375,
    "R2": -3.150575637817383,
    "MAPE": 60.018348693847656
  },
  "wheat32_features": {
    "RMSE": 8205.723368478857,
    "MAE": 6845.658203125,
    "R2": -3.4476442337036133,
    "MAPE": 64.47333526611328
  },
  "wheat42_features": {
    "RMSE": 20724.834185102663,
    "MAE": 17758.921875,
    "R2": -2.1725947856903076,
    "MAPE": 459400904704.0
  },
  "wheat52_features": {
    "RMSE": 650.0064182375432,
    "MAE": 501.17987060546875,
    "R2": 0.5182291269302368,
    "MAPE": 42.153228759765625
  },
  "wheat62_features": {
    "RMSE": 1727.17876897558,
    "MAE": 1276.7862548828125,
    "R2": -12.308694839477539,
    "MAPE": 33.72190475463867
  }
}